{"5m": {"auc": 0.5996962664432565}, "10m": {"auc": 0.5692006199408869}, "30m": {"auc": 0.5600658862727828}, "1h": {"auc": 0.584326115044931}, "4h": {"auc": 0.6462144869459434}, "1d": {"auc": 0.5268334974867004}}