{
  "5m": {
    "accuracy": 0.564957264957265,
    "precision": 0.46256038647342995,
    "recall": 0.4006276150627615,
    "f1": 0.42937219730941706,
    "roc_auc": 0.546146788158754
  },
  "10m": {
    "accuracy": 0.5764957264957264,
    "precision": 0.5028768699654775,
    "recall": 0.4387550200803213,
    "f1": 0.46863270777479893,
    "roc_auc": 0.5839671931774717
  },
  "30m": {
    "accuracy": 0.5495726495726496,
    "precision": 0.5868392664509169,
    "recall": 0.4477366255144033,
    "f1": 0.5079365079365079,
    "roc_auc": 0.5908360310928212
  }
}