{
  "5m": {
    "accuracy": 0.5448717948717948,
    "precision": 0.5230998509687034,
    "recall": 0.32025547445255476,
    "f1": 0.39728353140916806,
    "roc_auc": 0.5559913863919074
  },
  "10m": {
    "accuracy": 0.5491452991452992,
    "precision": 0.5392156862745098,
    "recall": 0.4392191659272405,
    "f1": 0.4841075794621027,
    "roc_auc": 0.5778833415871097
  },
  "30m": {
    "accuracy": 0.5645299145299145,
    "precision": 0.5130641330166271,
    "recall": 0.6159695817490495,
    "f1": 0.5598272138228941,
    "roc_auc": 0.5956659010934512
  }
}