{
  "5m": {
    "accuracy": 0.5478632478632479,
    "precision": 0.5461095100864554,
    "recall": 0.33778966131907306,
    "f1": 0.41740088105726875,
    "roc_auc": 0.5662141554636484
  },
  "10m": {
    "accuracy": 0.5427350427350427,
    "precision": 0.5358565737051793,
    "recall": 0.4711033274956217,
    "f1": 0.5013979496738118,
    "roc_auc": 0.5659680904250809
  },
  "30m": {
    "accuracy": 0.5658119658119658,
    "precision": 0.5320610687022901,
    "recall": 0.6336363636363637,
    "f1": 0.5784232365145229,
    "roc_auc": 0.5802221407624634
  }
}