{
  "5m": {
    "accuracy": 0.9995726495726496,
    "precision": 1.0,
    "recall": 0.9990412272291467,
    "f1": 0.9995203836930455,
    "roc_auc": 0.9995206136145733
  },
  "10m": {
    "accuracy": 1.0,
    "precision": 1.0,
    "recall": 1.0,
    "f1": 1.0,
    "roc_auc": 1.0
  },
  "30m": {
    "accuracy": 1.0,
    "precision": 1.0,
    "recall": 1.0,
    "f1": 1.0,
    "roc_auc": 1.0
  }
}