{"5m": {"auc": 0.5614206606142809}, "10m": {"auc": 0.5887077702702703}, "30m": {"auc": 0.5144113268364352}}