{"5m": {"auc": 0.5870838909850387}, "10m": {"auc": 0.5651360542042478}, "30m": {"auc": 0.5556318298447578}, "1h": {"auc": 0.5748606646776735}, "4h": {"auc": 0.6495417243837739}, "1d": {"auc": 0.608556688626177}}