{
  "5m": {
    "accuracy": 0.5662393162393162,
    "precision": 0.49765258215962443,
    "recall": 0.3142292490118577,
    "f1": 0.38522107813446393,
    "roc_auc": 0.5616755559788561
  },
  "10m": {
    "accuracy": 0.5833333333333334,
    "precision": 0.5040183696900115,
    "recall": 0.4470468431771894,
    "f1": 0.47382622773880195,
    "roc_auc": 0.5950117580364079
  },
  "30m": {
    "accuracy": 0.564957264957265,
    "precision": 0.5932400932400932,
    "recall": 0.43208828522920206,
    "f1": 0.5,
    "roc_auc": 0.5939100812661269
  }
}