{"5m": {"auc": 0.5551370909924631}, "10m": {"auc": 0.5164699387529725}, "30m": {"auc": 0.5432282284173795}}