{"5m": {"auc": 0.6001161495790098}, "10m": {"auc": 0.5730098697832288}, "30m": {"auc": 0.5713654755410074}, "1h": {"auc": 0.5821075696923458}, "4h": {"auc": 0.6452761778171614}, "1d": {"auc": 0.4106703666136326}}