{
  "5m": {
    "accuracy": 0.5405982905982906,
    "precision": 0.4812646370023419,
    "recall": 0.3940556088207095,
    "f1": 0.43331576172904585,
    "roc_auc": 0.5495142932543646
  },
  "10m": {
    "accuracy": 0.5311965811965812,
    "precision": 0.48523206751054854,
    "recall": 0.4303086997193639,
    "f1": 0.4561229548834903,
    "roc_auc": 0.5443118748155404
  },
  "30m": {
    "accuracy": 0.5525641025641026,
    "precision": 0.6103896103896104,
    "recall": 0.45083932853717024,
    "f1": 0.5186206896551724,
    "roc_auc": 0.5986193597922397
  }
}