{"5m": {"auc": 0.5493963044493363}, "10m": {"auc": 0.5659146067724952}, "30m": {"auc": 0.5966337123084529}}