{"5m": {"auc": 0.5818768616107228}, "10m": {"auc": 0.590419258867875}, "30m": {"auc": 0.6444333028121436}}