{"5m": {"auc": 0.5659949391892009}, "10m": {"auc": 0.5769912593658809}, "30m": {"auc": 0.6230662020905924}}